{
  "mr_bikramjit": {
    "filename": "mr_bikramjit.wav",
    "text": "mister bikramjit"
  },
  "mam_sonam": {
    "filename": "mam_sonam.wav",
    "text": "sonam mam"
  },
  "mam_sneha": {
    "filename": "mam_sneha.wav",
    "text": "sneha mam"
  },
  "mam_aishwarya": {
    "filename": "mam_aishwarya.wav",
    "text": "aishwarya mam"
  },
  "mam_gayatri": {
    "filename": "mam_gayatri.wav",
    "text": "gayatri mam"
  },
  "mam_varsha": {
    "filename": "mam_varsha.wav",
    "text": "varsha mam"
  },
  "mam_ira": {
    "filename": "mam_ira.wav",
    "text": "ira mam"
  },
  "mam_sanjana": {
    "filename": "mam_sanjana.wav",
    "text": "sanjana mam"
  },
  "mam_niharika": {
    "filename": "mam_niharika.wav",
    "text": "niharika mam"
  },
  "mam_nikita": {
    "filename": "mam_nikita.wav",
    "text": "nikita mam"
  },
  "mam_natasha": {
    "filename": "mam_natasha.wav",
    "text": "natasha mam"
  },
  "mam_neha": {
    "filename": "mam_neha.wav",
    "text": "neha mam"
  },
  "mam_shivangi": {
    "filename": "mam_shivangi.wav",
    "text": "shivangi mam"
  },
  "mam_ramya": {
    "filename": "mam_ramya.wav",
    "text": "ramya mam"
  },
  "mam_isha": {
    "filename": "mam_isha.wav",
    "text": "isha mam"
  },
  "mam_ananya": {
    "filename": "mam_ananya.wav",
    "text": "ananya mam"
  },
  "mam_shivani": {
    "filename": "mam_shivani.wav",
    "text": "shivani mam"
  },
  "mam_sakshi": {
    "filename": "mam_sakshi.wav",
    "text": "sakshi mam"
  },
  "mam_aswini": {
    "filename": "mam_aswini.wav",
    "text": "aswini mam"
  },
  "mam_suhani": {
    "filename": "mam_suhani.wav",
    "text": "suhani mam"
  },
  "mam_leah": {
    "filename": "mam_leah.wav",
    "text": "leah mam"
  },
  "mam_pavithra": {
    "filename": "mam_pavithra.wav",
    "text": "pavithra mam"
  },
  "mam_seema": {
    "filename": "mam_seema.wav",
    "text": "seema mam"
  },
  "mam_anusha": {
    "filename": "mam_anusha.wav",
    "text": "anusha mam"
  },
  "mam_simran": {
    "filename": "mam_simran.wav",
    "text": "simran mam"
  },
  "mam_nishi": {
    "filename": "mam_nishi.wav",
    "text": "nishi mam"
  },
  "mam_anushri": {
    "filename": "mam_anushri.wav",
    "text": "anushri mam"
  },
  "mam_ayushi": {
    "filename": "mam_ayushi.wav",
    "text": "ayushi mam"
  },
  "mam_radhika": {
    "filename": "mam_radhika.wav",
    "text": "radhika mam"
  },
  "mam_tanu": {
    "filename": "mam_tanu.wav",
    "text": "tanu mam"
  },
  "mam_krithika": {
    "filename": "mam_krithika.wav",
    "text": "krithika mam"
  },
  "mam_anisha": {
    "filename": "mam_anisha.wav",
    "text": "anisha mam"
  },
  "mam_akansha": {
    "filename": "mam_akansha.wav",
    "text": "akansha mam"
  },
  "mam_sadaf": {
    "filename": "mam_sadaf.wav",
    "text": "sadaf mam"
  },
  "mam_nishita": {
    "filename": "mam_nishita.wav",
    "text": "nishita mam"
  },
  "mam_diya": {
    "filename": "mam_diya.wav",
    "text": "diya mam"
  },
  "mam_siya": {
    "filename": "mam_siya.wav",
    "text": "siya mam"
  },
  "mam_abigail": {
    "filename": "mam_abigail.wav",
    "text": "abigail mam"
  },
  "mam_kalyani": {
    "filename": "mam_kalyani.wav",
    "text": "kalyani mam"
  },
  "mam_rishita": {
    "filename": "mam_rishita.wav",
    "text": "rishita mam"
  },
  "mam_aastha": {
    "filename": "mam_aastha.wav",
    "text": "aastha mam"
  },
  "mam_mary": {
    "filename": "mam_mary.wav",
    "text": "mary mam"
  },
  "mam_sara": {
    "filename": "mam_sara.wav",
    "text": "sara mam"
  },
  "mam_prachi": {
    "filename": "mam_prachi.wav",
    "text": "prachi mam"
  },
  "mam_indhumathi": {
    "filename": "mam_indhumathi.wav",
    "text": "indhumathi mam"
  },
  "mam_shrinidhi": {
    "filename": "mam_shrinidhi.wav",
    "text": "shrinidhi mam"
  },
  "mam_papuiicolney": {
    "filename": "mam_papuiicolney.wav",
    "text": "papuiicolney mam"
  },
  "mam_rhea": {
    "filename": "mam_rhea.wav",
    "text": "rhea mam"
  },
  "mam_katherine": {
    "filename": "mam_katherine.wav",
    "text": "katherine mam"
  },
  "mam_rutuja": {
    "filename": "mam_rutuja.wav",
    "text": "rutuja mam"
  },
  "mam_arti": {
    "filename": "mam_arti.wav",
    "text": "arti mam"
  },
  "mam_debbie": {
    "filename": "mam_debbie.wav",
    "text": "debbie mam"
  },
  "mam_crowny": {
    "filename": "mam_crowny.wav",
    "text": "crowny mam"
  },
  "mam_manisha": {
    "filename": "mam_manisha.wav",
    "text": "manisha mam"
  },
  "mam_mahima": {
    "filename": "mam_mahima.wav",
    "text": "mahima mam"
  },
  "mam_aditi": {
    "filename": "mam_aditi.wav",
    "text": "aditi mam"
  },
  "mam_aashna": {
    "filename": "mam_aashna.wav",
    "text": "aashna mam"
  },
  "mam_tisha": {
    "filename": "mam_tisha.wav",
    "text": "tisha mam"
  },
  "mam_moiichhangte": {
    "filename": "mam_moiichhangte.wav",
    "text": "moiichhangte mam"
  },
  "mam_npriyanka": {
    "filename": "mam_npriyanka.wav",
    "text": "n.priyanka mam"
  },
  "mam_dia": {
    "filename": "mam_dia.wav",
    "text": "dia mam"
  },
  "mam_ria": {
    "filename": "mam_ria.wav",
    "text": "ria mam"
  },
  "mam_anu": {
    "filename": "mam_anu.wav",
    "text": "anu mam"
  },
  "mam_neelam": {
    "filename": "mam_neelam.wav",
    "text": "neelam mam"
  },
  "mam_nisha": {
    "filename": "mam_nisha.wav",
    "text": "nisha mam"
  },
  "mam_chandralekha": {
    "filename": "mam_chandralekha.wav",
    "text": "chandralekha mam"
  },
  "mam_mitali": {
    "filename": "mam_mitali.wav",
    "text": "mitali mam"
  },
  "mam_dawn": {
    "filename": "mam_dawn.wav",
    "text": "khushi mam"
  },
  "mam_dilmini": {
    "filename": "mam_dilmini.wav",
    "text": "dilmini mam"
  },
  "mam_kamalika": {
    "filename": "mam_kamalika.wav",
    "text": "kamalika mam"
  },
  "mam_anjana": {
    "filename": "mam_anjana.wav",
    "text": "anjana mam"
  },
  "mam_arya": {
    "filename": "mam_arya.wav",
    "text": "arya mam"
  },
  "mam_deepa": {
    "filename": "mam_deepa.wav",
    "text": "deepa mam"
  },
  "mam_juvina": {
    "filename": "mam_juvina.wav",
    "text": "juvina mam"
  },
  "mam_angel": {
    "filename": "mam_angel.wav",
    "text": "angel mam"
  },
  "mam_anamika": {
    "filename": "mam_anamika.wav",
    "text": "anamika mam"
  },
  "mam_lavanya": {
    "filename": "mam_lavanya.wav",
    "text": "lavanya mam"
  },
  "mam_ishika": {
    "filename": "mam_ishika.wav",
    "text": "ishika mam"
  },
  "mam_lily": {
    "filename": "mam_lily.wav",
    "text": "lily mam"
  },
  "mam_archita": {
    "filename": "mam_archita.wav",
    "text": "archita mam"
  },
  "mam_rashi": {
    "filename": "mam_rashi.wav",
    "text": "rashi mam"
  },
  "mam_arah": {
    "filename": "mam_arah.wav",
    "text": "arah mam"
  },
  "mam_sasashy": {
    "filename": "mam_sasashy.wav",
    "text": "sasashy mam"
  },
  "mam_vaishnavi": {
    "filename": "mam_vaishnavi.wav",
    "text": "vaishnavi mam"
  },
  "mam_diksha": {
    "filename": "mam_diksha.wav",
    "text": "diksha mam"
  },
  "mam_arusha": {
    "filename": "mam_arusha.wav",
    "text": "arusha mam"
  },
  "mam_niti": {
    "filename": "mam_niti.wav",
    "text": "niti mam"
  },
  "mam_vidhya": {
    "filename": "mam_vidhya.wav",
    "text": "vidhya mam"
  },
  "mr_rahul": {
    "filename": "mr_rahul.wav",
    "text": "mister rahul"
  },
  "mr_aditya": {
    "filename": "mr_aditya.wav",
    "text": "mister aditya"
  },
  "mr_amit": {
    "filename": "mr_mahesh.wav",
    "text": "mister mahesh"
  },
  "mr_mahesh": {
    "filename": "mr_bikramjit.wav",
    "text": "mister bikramjit"
  },
  "mr_yash": {
    "filename": "mr_yash.wav",
    "text": "mister yash"
  },
  "mr_ankit": {
    "filename": "mr_ankit.wav",
    "text": "mister ankit"
  },
  "mr_shyam": {
    "filename": "mr_shyam.wav",
    "text": "mister shyam"
  },
  "mr_deepak": {
    "filename": "mr_deepak.wav",
    "text": "mister deepak"
  },
  "mr_aryan": {
    "filename": "mr_aryan.wav",
    "text": "mister aryan"
  },
  "mr_raj": {
    "filename": "mr_raj.wav",
    "text": "mister raj"
  },
  "mr_arjun": {
    "filename": "mr_arjun.wav",
    "text": "mister arjun"
  },
  "mr_ankur": {
    "filename": "mr_ankur.wav",
    "text": "mister ankur"
  },
  "mr_akash": {
    "filename": "mr_akash.wav",
    "text": "mister akash"
  },
  "mr_karan": {
    "filename": "mr_karan.wav",
    "text": "mister karan"
  },
  "mr_rakesh": {
    "filename": "mr_rakesh.wav",
    "text": "mister rakesh"
  },
  "mr_sam": {
    "filename": "mr_sam.wav",
    "text": "mister sam"
  },
  "mr_naveen": {
    "filename": "mr_naveen.wav",
    "text": "mister naveen"
  },
  "mr_ashish": {
    "filename": "mr_ashish.wav",
    "text": "mister ashish"
  },
  "mr_vinay": {
    "filename": "mr_vinay.wav",
    "text": "mister vinay"
  },
  "mr_parth": {
    "filename": "mr_parth.wav",
    "text": "mister parth"
  },
  "mr_mayank": {
    "filename": "mr_mayank.wav",
    "text": "mister mayank"
  },
  "mr_vivek": {
    "filename": "mr_vivek.wav",
    "text": "mister vivek"
  },
  "mr_aaditya": {
    "filename": "mr_aaditya.wav",
    "text": "mister aaditya"
  },
  "mr_neeraj": {
    "filename": "mr_neeraj.wav",
    "text": "mister neeraj"
  },
  "mr_kumar": {
    "filename": "mr_kumar.wav",
    "text": "mister kumar"
  },
  "mr_abhinav": {
    "filename": "mr_abhinav.wav",
    "text": "mister abhinav"
  },
  "mr_soham": {
    "filename": "mr_soham.wav",
    "text": "mister soham"
  },
  "mr_pranav": {
    "filename": "mr_pranav.wav",
    "text": "mister pranav"
  },
  "mr_rohan": {
    "filename": "mr_rohan.wav",
    "text": "mister rohan"
  },
  "mr_ajith": {
    "filename": "mr_ajith.wav",
    "text": "mister ajith"
  },
  "mr_abhi": {
    "filename": "mr_abhi.wav",
    "text": "mister abhi"
  },
  "mr_prateek": {
    "filename": "mr_prateek.wav",
    "text": "mister prateek"
  },
  "mr_raghav": {
    "filename": "mr_raghav.wav",
    "text": "mister raghav"
  },
  "mr_rishabh": {
    "filename": "mr_rishabh.wav",
    "text": "mister rishabh"
  },
  "mr_vaibhav": {
    "filename": "mr_vaibhav.wav",
    "text": "mister vaibhav"
  },
  "mr_jay": {
    "filename": "mr_jay.wav",
    "text": "mister jay"
  },
  "mr_kunal": {
    "filename": "mr_kunal.wav",
    "text": "mister kunal"
  },
  "mr_vishal": {
    "filename": "mr_vishal.wav",
    "text": "mister vishal"
  },
  "mr_raju": {
    "filename": "mr_raju.wav",
    "text": "mister raju"
  },
  "mr_sanjay": {
    "filename": "mr_sanjay.wav",
    "text": "mister sanjay"
  },
  "mr_manish": {
    "filename": "mr_manish.wav",
    "text": "mister manish"
  },
  "mr_shivam": {
    "filename": "mr_shivam.wav",
    "text": "mister shivam"
  },
  "mr_nishant": {
    "filename": "mr_nishant.wav",
    "text": "mister nishant"
  },
  "mr_nitin": {
    "filename": "mr_nitin.wav",
    "text": "mister nitin"
  },
  "mr_krishna": {
    "filename": "mr_krishna.wav",
    "text": "mister krishna"
  },
  "mr_krish": {
    "filename": "mr_krish.wav",
    "text": "mister krish"
  },
  "mr_anil": {
    "filename": "mr_anil.wav",
    "text": "mister anil"
  },
  "mr_prince": {
    "filename": "mr_prince.wav",
    "text": "mister prince"
  },
  "mr_varun": {
    "filename": "mr_varun.wav",
    "text": "mister varun"
  },
  "mr_anish": {
    "filename": "mr_anish.wav",
    "text": "mister anish"
  },
  "mr_alok": {
    "filename": "mr_alok.wav",
    "text": "mister alok"
  },
  "mr_abdul": {
    "filename": "mr_abdul.wav",
    "text": "mister abdul"
  },
  "mr_sunny": {
    "filename": "mr_sunny.wav",
    "text": "mister sunny"
  },
  "mr_siddharth": {
    "filename": "mr_siddharth.wav",
    "text": "mister siddharth"
  },
  "mr_vedant": {
    "filename": "mr_vedant.wav",
    "text": "mister vedant"
  },
  "mr_manu": {
    "filename": "mr_manu.wav",
    "text": "mister manu"
  },
  "mr_mohit": {
    "filename": "mr_mohit.wav",
    "text": "mister mohit"
  },
  "mr_arun": {
    "filename": "mr_arun.wav",
    "text": "mister arun"
  },
  "mr_ajay": {
    "filename": "mr_ajay.wav",
    "text": "mister ajay"
  },
  "mr_shashank": {
    "filename": "mr_shashank.wav",
    "text": "mister shashank"
  },
  "mr_dhruv": {
    "filename": "mr_dhruv.wav",
    "text": "mister dhruv"
  },
  "mr_anirudh": {
    "filename": "mr_anirudh.wav",
    "text": "mister anirudh"
  },
  "mr_ram": {
    "filename": "mr_ram.wav",
    "text": "mister ram"
  },
  "mr_sanchit": {
    "filename": "mr_sanchit.wav",
    "text": "mister sanchit"
  },
  "mr_gokul": {
    "filename": "mr_gokul.wav",
    "text": "mister gokul"
  },
  "mr_anubhav": {
    "filename": "mr_anubhav.wav",
    "text": "mister anubhav"
  },
  "mr_sumit": {
    "filename": "mr_sumit.wav",
    "text": "mister sumit"
  },
  "mr_deepro": {
    "filename": "mr_deepro.wav",
    "text": "mister deepro"
  },
  "mr_shekhar": {
    "filename": "mr_shekhar.wav",
    "text": "mister shekhar"
  },
  "mr_anurag": {
    "filename": "mr_anurag.wav",
    "text": "mister anurag"
  },
  "mr_akshay": {
    "filename": "mr_akshay.wav",
    "text": "mister akshay"
  },
  "mr_paaus": {
    "filename": "mr_paaus.wav",
    "text": "mister paaus"
  },
  "mr_shaan": {
    "filename": "mr_shaan.wav",
    "text": "mister shaan"
  },
  "mr_nikhil": {
    "filename": "mr_nikhil.wav",
    "text": "mister nikhil"
  },
  "mr_kartik": {
    "filename": "mr_kartik.wav",
    "text": "mister kartik"
  },
  "mr_girish": {
    "filename": "mr_girish.wav",
    "text": "mister girish"
  },
  "mr_shail": {
    "filename": "mr_shail.wav",
    "text": "mister shail"
  },
  "mr_prashant": {
    "filename": "mr_prashant.wav",
    "text": "mister prashant"
  },
  "mr_sunil": {
    "filename": "mr_sunil.wav",
    "text": "mister sunil"
  },
  "mr_pratik": {
    "filename": "mr_pratik.wav",
    "text": "mister pratik"
  },
  "mr_deep": {
    "filename": "mr_deep.wav",
    "text": "mister deep"
  },
  "mr_ramanan": {
    "filename": "mr_ramanan.wav",
    "text": "mister ramanan"
  },
  "mr_aniket": {
    "filename": "mr_aniket.wav",
    "text": "mister aniket"
  },
  "mr_jatin": {
    "filename": "mr_jatin.wav",
    "text": "mister jatin"
  },
  "mr_dinesh": {
    "filename": "mr_dinesh.wav",
    "text": "mister dinesh"
  },
  "mr_pawan": {
    "filename": "mr_pawan.wav",
    "text": "mister pawan"
  },
  "mr_rajeev": {
    "filename": "mr_rajeev.wav",
    "text": "mister rajeev"
  },
  "mr_atul": {
    "filename": "mr_atul.wav",
    "text": "mister mr_atul"
  },
  "mr_mayur": {
    "filename": "mr_mayur.wav",
    "text": "mister mayur"
  },
  "mr_tushar": {
    "filename": "mr_tushar.wav",
    "text": "mister tushar"
  },
  "mr_harish": {
    "filename": "mr_harish.wav",
    "text": "mister harish"
  },
  "mr_avinash": {
    "filename": "mr_avinash.wav",
    "text": "mister avinash"
  },
  "mr_avi": {
    "filename": "mr_avi.wav",
    "text": "mister avi"
  },
  "mr_suresh": {
    "filename": "mr_suresh.wav",
    "text": "mister suresh"
  },
  "mr_ajeet": {
    "filename": "mr_ajeet.wav",
    "text": "mister ajeet"
  },
  "mr_farhan": {
    "filename": "mr_farhan.wav",
    "text": "mister farhan"
  },
  "mr_prabal": {
    "filename": "mr_prabal.wav",
    "text": "mister prabal"
  },
  "mr_rajesh": {
    "filename": "mr_rajesh.wav",
    "text": "mister rajesh"
  },
  "mr_ishwardas": {
    "filename": "mr_ishwardas.wav",
    "text": "mister ishwardas"
  },
  "rachana_mam": {
    "filename": "rachana_mam.wav",
    "text": "rachana mam"
  },
  "ashlesha_mam": {
    "filename": "ashlesha_mam.wav",
    "text": "ashlesha mam"
  },
  "fc6571ee901576941edfa4111097009a": {
    "filename": "fc6571ee901576941edfa4111097009a.wav",
    "text": "mister rachana"
  },
  "mr_sahil": {
    "filename": "sahil.wav",
    "text": "mister sahil"
  },
  "mr_rohith": {
    "filename": "mr_rohith.wav",
    "text": "mister rohith"
  },
  "mr_vikas": {
    "filename": "mr_vikas.wav",
    "text": "mister vikas"
  },
  "mr_manoj": {
    "filename": "mr_manoj.wav",
    "text": "mister manoj"
  },
  "mr_gaurav": {
    "filename": "mr_gaurav.wav",
    "text": "mister gaurav"
  },
  "mr_nimish": {
    "filename": "mr_nimish.wav",
    "text": "mister nimish"
  },
  "akriti_mam": {
    "filename": "akriti_mam.wav",
    "text": "akriti mam"
  },
  "mr_sachin": {
    "filename": "mr_sachin.wav",
    "text": "mister sachin"
  },
  "mr_pushkaraj": {
    "filename": "mr_pushkaraj.wav",
    "text": "mister pushkaraj"
  },
  "mr_bishal": {
    "filename": "mr_bishal.wav",
    "text": "mister bishal"
  },
  "mr_arvind": {
    "filename": "mr_arvind.wav",
    "text": "mister arvind"
  },
  "shruti_mam": {
    "filename": "shruti_mam.wav",
    "text": "shruti mam"
  },
  "mr_vyankatesh": {
    "filename": "mr_vyankatesh.wav",
    "text": "mister vyankatesh"
  },
  "mr_prawin": {
    "filename": "mr_prawin.wav",
    "text": "mister prawin"
  },
  "mr_roshan": {
    "filename": "mr_roshan.wav",
    "text": "mister Roshan"
  },
  "mr_pabitra": {
    "filename": "mr_pabitra.wav",
    "text": "mister pabitra"
  },
  "mr_kaifi": {
    "filename": "mr_kaifi.wav",
    "text": "mister kaifi"
  },
  "mr_ashif": {
    "filename": "mr_ashif.wav",
    "text": "mister ashif"
  },
  "rinky_mam": {
    "filename": "rinky_mam.wav",
    "text": "rinky mam"
  },
  "mr_nilesh": {
    "filename": "mr_nilesh.wav",
    "text": "mister nilesh"
  },
 "mr_valay": {
    "filename": "mr_valay.wav",
    "text": "mister Valay"
  },
  "arushi_mam": {
    "filename": "arushi_mam.wav",
    "text": "arushi mam"
  },
  "nigar_mam": {
    "filename": "nigar_mam.wav",
    "text": "nigar mam"
  },
"nisha_mam": {
    "filename": "nisha_mam.wav",
    "text": "nisha mam"
  },
"preeti_mam": {
    "filename": "preeti_mam.wav",
    "text": "preeti mam"
  },
"shazia_mam": {
    "filename": "shazia_mam.wav",
    "text": "shazia mam"
  },
  "jennifer_mam": {
    "filename": "jennifer_mam.wav",
    "text": "jennifer mam"
  },
  "mamta_mam": {
    "filename": "mamta_mam.wav",
    "text": "mamta mam"
  },
"swarnalatha_mam": {
    "filename": "swarnalatha_mam.wav",
    "text": "swarnalatha mam"
  },
"sushmita_mam": {
    "filename": "sushmita_mam.wav",
    "text": "sushmita mam"
  },
  "mr_jaganthan": {
    "filename": "mr_jaganthan.wav",
    "text": "mister Jaganthan"
  },
  "mr_simran": {
    "filename": "mr_simran.wav",
    "text": "mister simran"
  },
  "mr_dinesha": {
    "filename": "mr_dinesha.wav",
    "text": "mister dinesha"
  },
  "mr_shyamrao": {
    "filename": "mr_shyamrao.wav",
    "text": "mister shyamrao"
  },
  "mr_kamkolam": {
    "filename": "mr_kamkolam.wav",
    "text": "mister kamkolam"
  },
  "mr_kumar": {
    "filename": "mr_kumar.wav",
    "text": "mister kumar"
  },
  "mr_santhosh": {
    "filename": "mr_santhosh.wav",
    "text": "mister santhosh"
  },
  "mr_dharmesh": {
    "filename": "mr_dharmesh.wav",
    "text": "mister dharmesh"
  },
  "sahana_mam": {
    "filename": "sahana_mam.wav",
    "text": "sahana mam"
  },
  "mr_tofan": {
    "filename": "mr_tofan.wav",
    "text": "mister tofan"
  },
  "mr_pavankumar": {
    "filename": "mr_pavankumar.wav",
    "text": "mister Pavankumar"
  },
  "mr_vignesh": {
    "filename": "mr_vignesh.wav",
    "text": "mister vignesh"
  },
  "mr_sathish": {
    "filename": "mr_sathish.wav",
    "text": "mister sathish"
  },
  "mr_venkat": {
    "filename": "mr_venkat.wav",
    "text": "mister venkat"
  },
  "mr_shajahan": {
    "filename": "mr_shajahan.wav",
    "text": "mister shajahan"
  },
  "mr_bhargava": {
    "filename": "mr_bhargava.wav",
    "text": "mister bhargava"
  },
  "mr_joshy": {
    "filename": "mr_joshy.wav",
    "text": "mister joshy"
  },
  "mr_nagar": {
    "filename": "mr_nagar.wav",
    "text": "mister nagar"
  },
  "manjunatha_mam": {
    "filename": "manjunatha_mam.wav",
    "text": "manjunatha mam"
  },
  "mr_pradeep": {
    "filename": "mr_pradeep.wav",
    "text": "mister pradeep"
  },
  "mr_bharat": {
    "filename": "mr_bharat.wav",
    "text": "mister bharat"
  },
  "mr_santosh": {
    "filename": "mr_santosh.wav",
    "text": "mister santosh"
  },
  "mr_dipesh": {
    "filename": "mr_dipesh.wav",
    "text": "mister dipesh"
  },
  "subashree_mam": {
    "filename": "subashree_mam.wav",
    "text": "subashree mam"
  },
  "kanimozhi_mam": {
    "filename": "kanimozhi_mam.wav",
    "text": "kanimozhi mam"
  },
  "mr_santhosh": {
    "filename": "mr_santhosh.wav",
    "text": "mister santhosh"
  },
  "mr_ramagiri": {
    "filename": "mr_ramagiri.wav",
    "text": "mister ramagiri"
  },
  "mr_chandak": {
    "filename": "mr_chandak.wav",
    "text": "mister chandak"
  },
  "padma_mam": {
    "filename": "padma_mam.wav",
    "text": "padma mam"
  },
  "mr_venkatesha": {
    "filename": "mr_venkatesha.wav",
    "text": "mister venkatesha"
  },
  "mr_padamkant": {
    "filename": "mr_padamkant.wav",
    "text": "mister padamkant"
  },
  "mr_sathiyaraj": {
    "filename": "mr_sathiyaraj.wav",
    "text": "mister sathiyaraj"
  },
  "mr_nasar": {
    "filename": "mr_nasar.wav",
    "text": "mister nasar"
  },
  "mr_prabakaran": {
    "filename": "mr_prabakaran.wav",
    "text": "mister prabakaran"
  },
  "beeraja_mam": {
    "filename": "beeraja_mam.wav",
    "text": "beeraja mam"
  },
  "mr_nikhilesh": {
    "filename": "mr_nikhilesh.wav",
    "text": "mister nikhilesh"
  },
  "mr_amol": {
    "filename": "mr_amol.wav",
    "text": "mister amol"
  },
  "mr_surajit": {
    "filename": "mr_surajit.wav",
    "text": "mister surajit"
  },
  "mr_mahadevaswamy": {
    "filename": "mr_mahadevaswamy.wav",
    "text": "mister mahadevaswamy"
  },
  "gundla_mam": {
    "filename": "gundla_mam.wav",
    "text": "gundla mam"
  },
  "mr_sudhir": {
    "filename": "mr_sudhir.wav",
    "text": "mister sudhir"
  },
  "mr_srikanth": {
    "filename": "mr_srikanth.wav",
    "text": "mister srikanth"
  },
  "mr_mukesh": {
    "filename": "mr_mukesh.wav",
    "text": "mister mukesh"
  },
  "mr_aakash": {
    "filename": "mr_aakash.wav",
    "text": "mister aakash"
  },
  "kiran_mam": {
    "filename": "kiran_mam.wav",
    "text": "kiran mam"
  },
  "mr_mohammed": {
    "filename": "mr_mohammed.wav",
    "text": "mister mohammed"
  },
  "mr_muniyasamy": {
    "filename": "mr_muniyasamy.wav",
    "text": "mister muniyasamy"
  },
  "shijil_mam": {
    "filename": "shijil_mam.wav",
    "text": "shijil mam"
  },
  "mr_jegan": {
    "filename": "mr_jegan.wav",
    "text": "mister jegan"
  },
  "mr_samuel": {
    "filename": "mr_samuel.wav",
    "text": "mister samuel"
  },
  "mr_ratheesh": {
    "filename": "mr_ratheesh.wav",
    "text": "mister ratheesh"
  },
  "mr_simson": {
    "filename": "mr_simson.wav",
    "text": "mister simson"
  },
  "prathima_mam": {
    "filename": "prathima_mam.wav",
    "text": "prathima mam"
  },
  "mr_larsen": {
    "filename": "mr_larsen.wav",
    "text": "mister larsen"
  },
  "preethya_mam": {
    "filename": "preethya_mam.wav",
    "text": "preethya mam"
  },
  "mr_trilochan": {
    "filename": "mr_trilochan.wav",
    "text": "mister trilochan"
  },
  "mr_jagatheesh": {
    "filename": "mister jagatheesh.wav",
    "text": "mr_jagatheesh"
  },
  "mr_vinod": {
    "filename": "mr_vinod.wav",
    "text": "mister vinod"
  },
  "mr_imran": {
    "filename": "mr_imran.wav",
    "text": "mister imran"
  },
  "mr_prabhu": {
    "filename": "mr_prabhu.wav",
    "text": "mister prabhu"
  },
  "mr_saravana": {
    "filename": "mr_saravana.wav",
    "text": "mister saravana"
  },
  "mr_kadiyala": {
    "filename": "mr_kadiyala.wav",
    "text": "mister kadiyala"
  },
  "mr_sankar": {
    "filename": "mr_sankar.wav",
    "text": "mister sankar"
  },
  "mr_vasanth": {
    "filename": "mr_vasanth.wav",
    "text": "mister vasanth"
  },
  "mr_datta": {
    "filename": "mr_datta.wav",
    "text": "mister datta"
  },
  "mr_mohan": {
    "filename": "mr_mohan.wav",
    "text": "mister mohan"
  },
  "mr_sandeep": {
    "filename": "mr_sandeep.wav",
    "text": "mister sandeep"
  },
  "mr_sujan": {
    "filename": "mr_sujan.wav",
    "text": "mister sujan"
  },
  "mr_kapil": {
    "filename": "mr_kapil.wav",
    "text": "mister kapil"
  },
  "mr_vasu": {
    "filename": "mr_vasu.wav",
    "text": "mister vasu"
  },
  "mr_muthu": {
    "filename": "mr_muthu.wav",
    "text": "mister muthu"
  },
  "mr_mokthar": {
    "filename": "mr_mokthar.wav",
    "text": "mister mokthar"
  },
  "mr_kishore": {
    "filename": "mr_kishore.wav",
    "text": "mister kishore"
  },
  "mr_akhilesh": {
    "filename": "mr_akhilesh.wav",
    "text": "mister akhilesh"
  },
  "mr_lalit": {
    "filename": "mr_lalit.wav",
    "text": "mister lalit"
  },
  "mr_pranay": {
    "filename": "mr_pranay.wav",
    "text": "mister pranay"
  },
  "girija_mam": {
    "filename": "girija_mam.wav",
    "text": "girija mam"
  },
  "mr_kotta": {
    "filename": "mr_kotta.wav",
    "text": "mister kotta"
  },
  "mr_nandan": {
    "filename": "mr_nandan.wav",
    "text": "mister nandan"
  },
  "dhayanithi_mam": {
    "filename": "dhayanithi_mam.wav",
    "text": "dhayanithi mam"
  },
  "mr_harshal": {
    "filename": "mr_harshal.wav",
    "text": "mister harshal"
  },
  "kanchana_mam": {
    "filename": "kanchana_mam.wav",
    "text": "kanchana mam"
  },
  "mr_Surendar": {
    "filename": "mr_Surendar.wav",
    "text": "mister surendar"
  },
  "mr_vikram": {
    "filename": "mr_vikram.wav",
    "text": "mister vikram"
  },
  "mr_hitesh": {
    "filename": "mr_hitesh.wav",
    "text": "mister hitesh"
  },
  "mr_jeevan": {
    "filename": "mr_jeevan.wav",
    "text": "mister jeevan"
  },
  "mr_kempula": {
    "filename": "mr_kempula.wav",
    "text": "mister kempula"
  },
  "mr_sharif": {
    "filename": "mr_sharif.wav",
    "text": "mister sharif"
  },
  "mr_lingaiah": {
    "filename": "mr_lingaiah.wav",
    "text": "mister lingaiah"
  },
  "mr_anbarasan": {
    "filename": "mr_anbarasan.wav",
    "text": "mister anbarasan"
  },
  "mr_gurumanchi": {
    "filename": "mr_gurumanchi.wav",
    "text": "mister gurumanchi"
  },
  "mr_ajey": {
    "filename": "mr_ajey.wav",
    "text": "mister ajey"
  },
  "umamageshwari_mam": {
    "filename": "umamageshwari_mam.wav",
    "text": "Umamageshwari mam"
  },
  "subbulakshmi_mam": {
    "filename": "subbulakshmi_mam.wav",
    "text": "subbulakshmi mam"
  },
  "mr_rejaul": {
    "filename": "mr_rejaul.wav",
    "text": "mister rejaul"
  },
  "mr_nadeem": {
    "filename": "mr_nadeem.wav",
    "text": "mister nadeem"
  },
  "mr_vimalraj": {
    "filename": "mr_vimalraj.wav",
    "text": "mister vimalraj"
  },
  "amruta_mam": {
    "filename": "amruta_mam.wav",
    "text": "amruta mam"
  },
  "mr_dhanpal": {
    "filename": "mr_dhanpal.wav",
    "text": "mister dhanpal"
  },
  "mr_anil": {
    "filename": "mr_anil.wav",
    "text": "mister anil"
  },
  "mr_mani": {
    "filename": "mr_mani.wav",
    "text": "mister mani"
  },
  "mr_sujit": {
    "filename": "mr_sujit.wav",
    "text": "mister sujit"
  },
  "mr_nidhi": {
    "filename": "mr_nidhi.wav",
    "text": "mister nidhi"
  },
  "mr_nitesh": {
    "filename": "mr_nitesh.wav",
    "text": "mister nitesh"
  },
  "mr_yogesh": {
    "filename": "mr_yogesh.wav",
    "text": "mister yogesh"
  },
  "mr_daniel": {
    "filename": "mr_daniel.wav",
    "text": "mister daniel"
  },
  "mr_saravanan": {
    "filename": "mr_saravanan.wav",
    "text": "mister saravanan"
  },
  "mr_naresh": {
    "filename": "mr_naresh.wav",
    "text": "mister naresh"
  },
  "malli_mam": {
    "filename": "malli_mam.wav",
    "text": "malli_mam"
  },
  "mr_yeswanth": {
    "filename": "mr_yeswanth.wav",
    "text": "mister yeswanth"
  },
  "mr_manjunatha": {
    "filename": "mr_manjunatha.wav",
    "text": "mister manjunatha"
  }
  
  

  

}
